{
  "kind": "ImageStreamList",
  "apiVersion": "v1",
  "items": [
    {
      "apiVersion": "v1",
      "kind": "ImageStream",
      "metadata": {
        "annotations": {
          "openshift.io/display-name": ".NET Core"
        },
        "name": "dotnet"
      },
      "spec": {
        "tags": [
          {
            "annotations": {
              "description": "Build and run .NET Core applications on RHEL 7. For more information about using this builder image, including OpenShift considerations, see https://github.com/redhat-developer/s2i-dotnetcore/tree/master/2.2/build/README.md.\n\nWARNING: By selecting this tag, your application will automatically update to use the latest version of .NET Core available on OpenShift, including major versions updates.",
              "iconClass": "icon-dotnet",
              "openshift.io/display-name": ".NET Core (Latest)",
              "sampleContextDir": "app",
              "sampleRef": "dotnetcore-2.2",
              "sampleRepo": "https://github.com/redhat-developer/s2i-dotnetcore-ex.git",
              "supports": "dotnet",
              "tags": "builder,.net,dotnet,dotnetcore"
            },
            "from": {
              "kind": "ImageStreamTag",
              "name": "2.2"
            },
            "name": "latest",
            "referencePolicy": {
              "type": "Local"
            }
          },
          {
            "annotations": {
              "description": "Build and run .NET Core 2.2 applications on RHEL 7. For more information about using this builder image, including OpenShift considerations, see https://github.com/redhat-developer/s2i-dotnetcore/tree/master/2.2/build/README.md.",
              "iconClass": "icon-dotnet",
              "openshift.io/display-name": ".NET Core 2.2",
              "sampleContextDir": "app",
              "sampleRef": "dotnetcore-2.2",
              "sampleRepo": "https://github.com/redhat-developer/s2i-dotnetcore-ex.git",
              "supports": "dotnet:2.2,dotnet",
              "tags": "builder,.net,dotnet,dotnetcore,rh-dotnet22",
              "version": "2.2"
            },
            "from": {
              "kind": "DockerImage",
              "name": "registry.redhat.io/dotnet/dotnet-22-rhel7:2.2"
            },
            "name": "2.2",
            "referencePolicy": {
              "type": "Local"
            }
          },
          {
            "annotations": {
              "description": "Build and run .NET Core 2.1 applications on RHEL 7. For more information about using this builder image, including OpenShift considerations, see https://github.com/redhat-developer/s2i-dotnetcore/tree/master/2.1/build/README.md.",
              "iconClass": "icon-dotnet",
              "openshift.io/display-name": ".NET Core 2.1",
              "sampleContextDir": "app",
              "sampleRef": "dotnetcore-2.1",
              "sampleRepo": "https://github.com/redhat-developer/s2i-dotnetcore-ex.git",
              "supports": "dotnet:2.1,dotnet",
              "tags": "builder,.net,dotnet,dotnetcore,rh-dotnet21",
              "version": "2.1"
            },
            "from": {
              "kind": "DockerImage",
              "name": "registry.redhat.io/dotnet/dotnet-21-rhel7:2.1"
            },
            "name": "2.1",
            "referencePolicy": {
              "type": "Local"
            }
          },
          {
            "annotations": {
              "description": "RETIRED: Build and run .NET Core 2.0 applications on RHEL 7. For more information about using this builder image, including OpenShift considerations, see https://github.com/redhat-developer/s2i-dotnetcore/tree/master/2.0/build/README.md.",
              "iconClass": "icon-dotnet",
              "openshift.io/display-name": ".NET Core 2.0",
              "sampleContextDir": "app",
              "sampleRef": "dotnetcore-2.0",
              "sampleRepo": "https://github.com/redhat-developer/s2i-dotnetcore-ex.git",
              "supports": "dotnet:2.0,dotnet",
              "tags": "hidden,builder,.net,dotnet,dotnetcore,rh-dotnet20",
              "version": "2.0"
            },
            "from": {
              "kind": "DockerImage",
              "name": "registry.redhat.io/dotnet/dotnet-20-rhel7:2.0"
            },
            "name": "2.0",
            "referencePolicy": {
              "type": "Local"
            }
          },
          {
            "annotations": {
              "description": "Build and run .NET Core 1.1 applications on RHEL 7. For more information about using this builder image, including OpenShift considerations, see https://github.com/redhat-developer/s2i-dotnetcore/tree/master/1.1/README.md.",
              "iconClass": "icon-dotnet",
              "openshift.io/display-name": ".NET Core 1.1",
              "sampleContextDir": "app",
              "sampleRef": "dotnetcore-1.1",
              "sampleRepo": "https://github.com/redhat-developer/s2i-dotnetcore-ex.git",
              "supports": "dotnet:1.1,dotnet",
              "tags": "builder,.net,dotnet,dotnetcore,rh-dotnetcore11",
              "version": "1.1"
            },
            "from": {
              "kind": "DockerImage",
              "name": "registry.redhat.io/dotnet/dotnetcore-11-rhel7:1.1"
            },
            "name": "1.1",
            "referencePolicy": {
              "type": "Local"
            }
          },
          {
            "annotations": {
              "description": "Build and run .NET Core 1.0 applications on RHEL 7. For more information about using this builder image, including OpenShift considerations, see https://github.com/redhat-developer/s2i-dotnetcore/tree/master/1.0/README.md.",
              "iconClass": "icon-dotnet",
              "openshift.io/display-name": ".NET Core 1.0",
              "sampleContextDir": "app",
              "sampleRef": "dotnetcore-1.0",
              "sampleRepo": "https://github.com/redhat-developer/s2i-dotnetcore-ex.git",
              "supports": "dotnet:1.0,dotnet",
              "tags": "builder,.net,dotnet,dotnetcore,rh-dotnetcore10",
              "version": "1.0"
            },
            "from": {
              "kind": "DockerImage",
              "name": "registry.redhat.io/dotnet/dotnetcore-10-rhel7:1.0"
            },
            "name": "1.0",
            "referencePolicy": {
              "type": "Local"
            }
          }
        ]
      }
    },
    {
      "apiVersion": "v1",
      "kind": "ImageStream",
      "metadata": {
        "annotations": {
          "openshift.io/display-name": "Apache HTTP Server (httpd)"
        },
        "name": "httpd"
      },
      "spec": {
        "tags": [
          {
            "annotations": {
              "description": "Build and serve static content via Apache HTTP Server (httpd) on RHEL 7. For more information about using this builder image, including OpenShift considerations, see https://github.com/sclorg/httpd-container/blob/master/2.4/README.md.\n\nWARNING: By selecting this tag, your application will automatically update to use the latest version of Httpd available on OpenShift, including major versions updates.",
              "iconClass": "icon-apache",
              "openshift.io/display-name": "Apache HTTP Server (Latest)",
              "openshift.io/provider-display-name": "Red Hat, Inc.",
              "sampleRepo": "https://github.com/sclorg/httpd-ex.git",
              "supports": "httpd",
              "tags": "builder,httpd"
            },
            "from": {
              "kind": "ImageStreamTag",
              "name": "2.4"
            },
            "name": "latest",
            "referencePolicy": {
              "type": "Local"
            }
          },
          {
            "annotations": {
              "description": "Build and serve static content via Apache HTTP Server (httpd) 2.4 on RHEL 7. For more information about using this builder image, including OpenShift considerations, see https://github.com/sclorg/httpd-container/blob/master/2.4/README.md.",
              "iconClass": "icon-apache",
              "openshift.io/display-name": "Apache HTTP Server 2.4",
              "openshift.io/provider-display-name": "Red Hat, Inc.",
              "sampleRepo": "https://github.com/sclorg/httpd-ex.git",
              "supports": "httpd",
              "tags": "builder,httpd",
              "version": "2.4"
            },
            "from": {
              "kind": "DockerImage",
              "name": "registry.redhat.io/rhscl/httpd-24-rhel7"
            },
            "name": "2.4",
            "referencePolicy": {
              "type": "Local"
            }
          }
        ]
      }
    },
    {
      "apiVersion": "v1",
      "kind": "ImageStream",
      "metadata": {
        "annotations": {
          "openshift.io/display-name": "Jenkins"
        },
        "name": "jenkins"
      },
      "spec": {
        "tags": [
          {
            "annotations": {
              "description": "Provides a Jenkins server on RHEL 7. For more information about using this container image, including OpenShift considerations, see https://github.com/openshift/jenkins/blob/master/README.md.\n\nWARNING: By selecting this tag, your application will automatically update to use the latest version of Jenkins available on OpenShift, including major versions updates.",
              "iconClass": "icon-jenkins",
              "openshift.io/display-name": "Jenkins (Latest)",
              "openshift.io/provider-display-name": "Red Hat, Inc.",
              "tags": "jenkins"
            },
            "from": {
              "kind": "ImageStreamTag",
              "name": "2"
            },
            "name": "latest",
            "referencePolicy": {
              "type": "Local"
            }
          },
          {
            "annotations": {
              "description": "Provides a Jenkins 2.X server on RHEL 7. For more information about using this container image, including OpenShift considerations, see https://github.com/openshift/jenkins/blob/master/README.md.",
              "iconClass": "icon-jenkins",
              "openshift.io/display-name": "Jenkins 2.X",
              "openshift.io/provider-display-name": "Red Hat, Inc.",
              "tags": "jenkins",
              "version": "2.x"
            },
            "from": {
              "kind": "DockerImage",
              "name": "registry.redhat.io/openshift/jenkins-2-rhel7:v4.0"
            },
            "name": "2",
            "referencePolicy": {
              "type": "Local"
            }
          }
        ]
      }
    },
    {
      "apiVersion": "v1",
      "kind": "ImageStream",
      "metadata": {
        "annotations": {
          "openshift.io/display-name": "MariaDB"
        },
        "name": "mariadb"
      },
      "spec": {
        "tags": [
          {
            "annotations": {
              "description": "Provides a MariaDB database on RHEL 7. For more information about using this database image, including OpenShift considerations, see https://github.com/sclorg/mariadb-container/tree/master/10.2/README.md.\n\nWARNING: By selecting this tag, your application will automatically update to use the latest version of MariaDB available on OpenShift, including major versions updates.",
              "iconClass": "icon-mariadb",
              "openshift.io/display-name": "MariaDB (Latest)",
              "openshift.io/provider-display-name": "Red Hat, Inc.",
              "tags": "database,mariadb"
            },
            "from": {
              "kind": "ImageStreamTag",
              "name": "10.2"
            },
            "name": "latest",
            "referencePolicy": {
              "type": "Local"
            }
          },
          {
            "annotations": {
              "description": "Provides a MariaDB 10.1 database on RHEL 7. For more information about using this database image, including OpenShift considerations, see https://github.com/sclorg/mariadb-container/tree/master/10.1/README.md.",
              "iconClass": "icon-mariadb",
              "openshift.io/display-name": "MariaDB 10.1",
              "openshift.io/provider-display-name": "Red Hat, Inc.",
              "tags": "database,mariadb",
              "version": "10.1"
            },
            "from": {
              "kind": "DockerImage",
              "name": "registry.redhat.io/rhscl/mariadb-101-rhel7:latest"
            },
            "name": "10.1",
            "referencePolicy": {
              "type": "Local"
            }
          },
          {
            "annotations": {
              "description": "Provides a MariaDB 10.2 database on RHEL 7. For more information about using this database image, including OpenShift considerations, see https://github.com/sclorg/mariadb-container/tree/master/10.2/README.md.",
              "iconClass": "icon-mariadb",
              "openshift.io/display-name": "MariaDB 10.2",
              "openshift.io/provider-display-name": "Red Hat, Inc.",
              "tags": "database,mariadb",
              "version": "10.2"
            },
            "from": {
              "kind": "DockerImage",
              "name": "registry.redhat.io/rhscl/mariadb-102-rhel7:latest"
            },
            "name": "10.2",
            "referencePolicy": {
              "type": "Local"
            }
          }
        ]
      }
    },
    {
      "apiVersion": "v1",
      "kind": "ImageStream",
      "metadata": {
        "annotations": {
          "openshift.io/display-name": "MongoDB"
        },
        "name": "mongodb"
      },
      "spec": {
        "tags": [
          {
            "annotations": {
              "description": "Provides a MongoDB database on RHEL 7. For more information about using this database image, including OpenShift considerations, see https://github.com/sclorg/mongodb-container/tree/master/3.4/README.md.\n\nWARNING: By selecting this tag, your application will automatically update to use the latest version of MongoDB available on OpenShift, including major versions updates.",
              "iconClass": "icon-mongodb",
              "openshift.io/display-name": "MongoDB (Latest)",
              "openshift.io/provider-display-name": "Red Hat, Inc.",
              "tags": "mongodb"
            },
            "from": {
              "kind": "ImageStreamTag",
              "name": "3.6"
            },
            "name": "latest",
            "referencePolicy": {
              "type": "Local"
            }
          },
          {
            "annotations": {
              "description": "Provides a MongoDB 2.4 database on RHEL 7. For more information about using this database image, including OpenShift considerations, see https://github.com/sclorg/mongodb-container/tree/master/2.4/README.md.",
              "iconClass": "icon-mongodb",
              "openshift.io/display-name": "MongoDB 2.4",
              "openshift.io/provider-display-name": "Red Hat, Inc.",
              "tags": "hidden,mongodb",
              "version": "2.4"
            },
            "from": {
              "kind": "DockerImage",
              "name": "registry.redhat.io/openshift3/mongodb-24-rhel7:latest"
            },
            "name": "2.4",
            "referencePolicy": {
              "type": "Local"
            }
          },
          {
            "annotations": {
              "description": "Provides a MongoDB 2.6 database on RHEL 7. For more information about using this database image, including OpenShift considerations, see https://github.com/sclorg/mongodb-container/tree/master/2.6/README.md.",
              "iconClass": "icon-mongodb",
              "openshift.io/display-name": "MongoDB 2.6",
              "openshift.io/provider-display-name": "Red Hat, Inc.",
              "tags": "hidden,database,mongodb",
              "version": "2.6"
            },
            "from": {
              "kind": "DockerImage",
              "name": "registry.redhat.io/rhscl/mongodb-26-rhel7:latest"
            },
            "name": "2.6",
            "referencePolicy": {
              "type": "Local"
            }
          },
          {
            "annotations": {
              "description": "Provides a MongoDB 3.2 database on RHEL 7. For more information about using this database image, including OpenShift considerations, see https://github.com/sclorg/mongodb-container/tree/master/3.2/README.md.",
              "iconClass": "icon-mongodb",
              "openshift.io/display-name": "MongoDB 3.2",
              "openshift.io/provider-display-name": "Red Hat, Inc.",
              "tags": "database,mongodb",
              "version": "3.2"
            },
            "from": {
              "kind": "DockerImage",
              "name": "registry.redhat.io/rhscl/mongodb-32-rhel7:latest"
            },
            "name": "3.2",
            "referencePolicy": {
              "type": "Local"
            }
          },
          {
            "annotations": {
              "description": "Provides a MongoDB 3.4 database on RHEL 7. For more information about using this database image, including OpenShift considerations, see https://github.com/sclorg/mongodb-container/tree/master/3.4/README.md.",
              "iconClass": "icon-mongodb",
              "openshift.io/display-name": "MongoDB 3.4",
              "openshift.io/provider-display-name": "Red Hat, Inc.",
              "tags": "database,mongodb",
              "version": "3.4"
            },
            "from": {
              "kind": "DockerImage",
              "name": "registry.redhat.io/rhscl/mongodb-34-rhel7:latest"
            },
            "name": "3.4",
            "referencePolicy": {
              "type": "Local"
            }
          },
          {
            "annotations": {
              "description": "Provides a MongoDB 3.6 database on RHEL 7. For more information about using this database image, including OpenShift considerations, see https://github.com/sclorg/mongodb-container/tree/master/3.6/README.md.",
              "iconClass": "icon-mongodb",
              "openshift.io/display-name": "MongoDB 3.6",
              "openshift.io/provider-display-name": "Red Hat, Inc.",
              "tags": "database,mongodb",
              "version": "3.6"
            },
            "from": {
              "kind": "DockerImage",
              "name": "registry.redhat.io/rhscl/mongodb-36-rhel7:latest"
            },
            "name": "3.6",
            "referencePolicy": {
              "type": "Local"
            }
          }
        ]
      }
    },
    {
      "apiVersion": "v1",
      "kind": "ImageStream",
      "metadata": {
        "annotations": {
          "openshift.io/display-name": "MySQL"
        },
        "name": "mysql"
      },
      "spec": {
        "tags": [
          {
            "annotations": {
              "description": "Provides a MySQL database on RHEL 7. For more information about using this database image, including OpenShift considerations, see https://github.com/sclorg/mysql-container/blob/master/README.md.\n\nWARNING: By selecting this tag, your application will automatically update to use the latest version of MySQL available on OpenShift, including major versions updates.",
              "iconClass": "icon-mysql-database",
              "openshift.io/display-name": "MySQL (Latest)",
              "openshift.io/provider-display-name": "Red Hat, Inc.",
              "tags": "mysql"
            },
            "from": {
              "kind": "ImageStreamTag",
              "name": "5.7"
            },
            "name": "latest",
            "referencePolicy": {
              "type": "Local"
            }
          },
          {
            "annotations": {
              "description": "Provides a MySQL 5.5 database on RHEL 7. For more information about using this database image, including OpenShift considerations, see https://github.com/sclorg/mysql-container/blob/master/README.md.",
              "iconClass": "icon-mysql-database",
              "openshift.io/display-name": "MySQL 5.5",
              "openshift.io/provider-display-name": "Red Hat, Inc.",
              "tags": "hidden,mysql",
              "version": "5.5"
            },
            "from": {
              "kind": "DockerImage",
              "name": "registry.redhat.io/openshift3/mysql-55-rhel7:latest"
            },
            "name": "5.5",
            "referencePolicy": {
              "type": "Local"
            }
          },
          {
            "annotations": {
              "description": "Provides a MySQL 5.6 database on RHEL 7. For more information about using this database image, including OpenShift considerations, see https://github.com/sclorg/mysql-container/blob/master/README.md.",
              "iconClass": "icon-mysql-database",
              "openshift.io/display-name": "MySQL 5.6",
              "openshift.io/provider-display-name": "Red Hat, Inc.",
              "tags": "hidden,mysql",
              "version": "5.6"
            },
            "from": {
              "kind": "DockerImage",
              "name": "registry.redhat.io/rhscl/mysql-56-rhel7:latest"
            },
            "name": "5.6",
            "referencePolicy": {
              "type": "Local"
            }
          },
          {
            "annotations": {
              "description": "Provides a MySQL 5.7 database on RHEL 7. For more information about using this database image, including OpenShift considerations, see https://github.com/sclorg/mysql-container/blob/master/README.md.",
              "iconClass": "icon-mysql-database",
              "openshift.io/display-name": "MySQL 5.7",
              "openshift.io/provider-display-name": "Red Hat, Inc.",
              "tags": "mysql",
              "version": "5.7"
            },
            "from": {
              "kind": "DockerImage",
              "name": "registry.redhat.io/rhscl/mysql-57-rhel7:latest"
            },
            "name": "5.7",
            "referencePolicy": {
              "type": "Local"
            }
          }
        ]
      }
    },
    {
      "apiVersion": "v1",
      "kind": "ImageStream",
      "metadata": {
        "annotations": {
          "openshift.io/display-name": "Nginx HTTP server and a reverse proxy (nginx)"
        },
        "name": "nginx"
      },
      "spec": {
        "tags": [
          {
            "annotations": {
              "description": "Build and serve static content via Nginx HTTP server and a reverse proxy (nginx) on RHEL 7. For more information about using this builder image, including OpenShift considerations, see https://github.com/sclorg/nginx-container/blob/master/1.8/README.md.",
              "iconClass": "icon-nginx",
              "openshift.io/display-name": "Nginx HTTP server and a reverse proxy 1.8",
              "openshift.io/provider-display-name": "Red Hat, Inc.",
              "sampleRepo": "https://github.com/sclorg/nginx-ex.git",
              "supports": "nginx",
              "tags": "builder,nginx",
              "version": "1.8"
            },
            "from": {
              "kind": "DockerImage",
              "name": "registry.redhat.io/rhscl/nginx-18-rhel7:latest"
            },
            "name": "1.8",
            "referencePolicy": {
              "type": "Local"
            }
          },
          {
            "annotations": {
              "description": "Build and serve static content via Nginx HTTP server and a reverse proxy (nginx) on RHEL 7. For more information about using this builder image, including OpenShift considerations, see https://github.com/sclorg/nginx-container/blob/master/1.10/README.md.",
              "iconClass": "icon-nginx",
              "openshift.io/display-name": "Nginx HTTP server and a reverse proxy 1.10",
              "openshift.io/provider-display-name": "Red Hat, Inc.",
              "sampleRepo": "https://github.com/sclorg/nginx-ex.git",
              "supports": "nginx",
              "tags": "builder,nginx",
              "version": "1.10"
            },
            "from": {
              "kind": "DockerImage",
              "name": "registry.redhat.io/rhscl/nginx-110-rhel7:latest"
            },
            "name": "1.10",
            "referencePolicy": {
              "type": "Local"
            }
          },
          {
            "annotations": {
              "description": "Build and serve static content via Nginx HTTP server and a reverse proxy (nginx) on RHEL 7. For more information about using this builder image, including OpenShift considerations, see https://github.com/sclorg/nginx-container/blob/master/1.12/README.md.",
              "iconClass": "icon-nginx",
              "openshift.io/display-name": "Nginx HTTP server and a reverse proxy 1.12",
              "openshift.io/provider-display-name": "Red Hat, Inc.",
              "sampleRepo": "https://github.com/sclorg/nginx-ex.git",
              "supports": "nginx",
              "tags": "builder,nginx",
              "version": "1.12"
            },
            "from": {
              "kind": "DockerImage",
              "name": "registry.redhat.io/rhscl/nginx-112-rhel7:latest"
            },
            "name": "1.12",
            "referencePolicy": {
              "type": "Local"
            }
          },
          {
            "annotations": {
              "description": "Build and serve static content via Nginx HTTP server and a reverse proxy (nginx) on RHEL 7. For more information about using this builder image, including OpenShift considerations, see https://github.com/sclorg/nginx-container/blob/master/1.12/README.md.\n\nWARNING: By selecting this tag, your application will automatically update to use the latest version of Nginx available on OpenShift, including major versions updates.",
              "iconClass": "icon-nginx",
              "openshift.io/display-name": "Nginx HTTP server and a reverse proxy (Latest)",
              "openshift.io/provider-display-name": "Red Hat, Inc.",
              "sampleRepo": "https://github.com/sclorg/nginx-ex.git",
              "supports": "nginx",
              "tags": "builder,nginx"
            },
            "from": {
              "kind": "ImageStreamTag",
              "name": "1.12"
            },
            "name": "latest",
            "referencePolicy": {
              "type": "Local"
            }
          }
        ]
      }
    },
    {
      "apiVersion": "v1",
      "kind": "ImageStream",
      "metadata": {
        "annotations": {
          "openshift.io/display-name": "Node.js"
        },
        "name": "nodejs"
      },
      "spec": {
        "tags": [
          {
            "annotations": {
              "description": "Build and run Node.js 10 applications on RHEL 7. For more information about using this builder image, including OpenShift considerations, see https://github.com/nodeshift/centos7-s2i-nodejs.\n\nWARNING: By selecting this tag, your application will automatically update to use the latest version of Node.js available on OpenShift, including major versions updates.",
              "iconClass": "icon-nodejs",
              "openshift.io/display-name": "Node.js (Latest)",
              "openshift.io/provider-display-name": "Red Hat, Inc.",
              "sampleRepo": "https://github.com/sclorg/nodejs-ex.git",
              "supports": "nodejs",
              "tags": "builder,nodejs"
            },
            "from": {
              "kind": "ImageStreamTag",
              "name": "10"
            },
            "name": "latest",
            "referencePolicy": {
              "type": "Local"
            }
          },
          {
            "annotations": {
              "description": "DEPRECATED: Build and run Node.js 0.10 applications on RHEL 7. For more information about using this builder image, including OpenShift considerations, see https://github.com/sclorg/s2i-nodejs-container/blob/master/0.10/README.md.",
              "iconClass": "icon-nodejs",
              "openshift.io/display-name": "Node.js 0.10",
              "openshift.io/provider-display-name": "Red Hat, Inc.",
              "sampleRepo": "https://github.com/sclorg/nodejs-ex.git",
              "supports": "nodejs:0.10,nodejs:0.1,nodejs",
              "tags": "hidden,nodejs",
              "version": "0.10"
            },
            "from": {
              "kind": "DockerImage",
              "name": "registry.redhat.io/openshift3/nodejs-010-rhel7:latest"
            },
            "name": "0.10",
            "referencePolicy": {
              "type": "Local"
            }
          },
          {
            "annotations": {
              "description": "Build and run Node.js 4 applications on RHEL 7. For more information about using this builder image, including OpenShift considerations, see https://github.com/sclorg/s2i-nodejs-container/blob/master/4/README.md.",
              "iconClass": "icon-nodejs",
              "openshift.io/display-name": "Node.js 4",
              "openshift.io/provider-display-name": "Red Hat, Inc.",
              "sampleRepo": "https://github.com/sclorg/nodejs-ex.git",
              "supports": "nodejs:4,nodejs",
              "tags": "hidden,builder,nodejs",
              "version": "4"
            },
            "from": {
              "kind": "DockerImage",
              "name": "registry.redhat.io/rhscl/nodejs-4-rhel7:latest"
            },
            "name": "4",
            "referencePolicy": {
              "type": "Local"
            }
          },
          {
            "annotations": {
              "description": "Build and run Node.js 6 applications on RHEL 7. For more information about using this builder image, including OpenShift considerations, see https://github.com/sclorg/s2i-nodejs-container.",
              "iconClass": "icon-nodejs",
              "openshift.io/display-name": "Node.js 6",
              "openshift.io/provider-display-name": "Red Hat, Inc.",
              "sampleRepo": "https://github.com/sclorg/nodejs-ex.git",
              "supports": "nodejs:6,nodejs",
              "tags": "builder,nodejs",
              "version": "6"
            },
            "from": {
              "kind": "DockerImage",
              "name": "registry.redhat.io/rhscl/nodejs-6-rhel7:latest"
            },
            "name": "6",
            "referencePolicy": {
              "type": "Local"
            }
          },
          {
            "annotations": {
              "description": "Build and run Node.js 8 applications on RHEL 7. For more information about using this builder image, including OpenShift considerations, see https://github.com/sclorg/s2i-nodejs-container.",
              "iconClass": "icon-nodejs",
              "openshift.io/display-name": "Node.js 8",
              "openshift.io/provider-display-name": "Red Hat, Inc.",
              "sampleRepo": "https://github.com/sclorg/nodejs-ex.git",
              "tags": "builder,nodejs",
              "version": "8"
            },
            "from": {
              "kind": "DockerImage",
              "name": "registry.redhat.io/rhscl/nodejs-8-rhel7:latest"
            },
            "name": "8",
            "referencePolicy": {
              "type": "Local"
            }
          },
          {
            "annotations": {
              "description": "Build and run Node.js 8 applications on RHEL 7. For more information about using this builder image, including OpenShift considerations, see https://github.com/nodeshift/centos7-s2i-nodejs.",
              "iconClass": "icon-nodejs",
              "openshift.io/display-name": "OpenShift Application Runtimes Node.js 8",
              "openshift.io/provider-display-name": "Red Hat, Inc.",
              "sampleRepo": "https://github.com/sclorg/nodejs-ex.git",
              "tags": "builder,nodejs",
              "version": "8"
            },
            "from": {
              "kind": "DockerImage",
              "name": "registry.redhat.io/rhoar-nodejs/nodejs-8"
            },
            "name": "8-RHOAR",
            "referencePolicy": {
              "type": "Local"
            }
          },
          {
            "annotations": {
              "description": "Build and run Node.js 10 applications on RHEL 7. For more information about using this builder image, including OpenShift considerations, see https://github.com/nodeshift/centos7-s2i-nodejs.",
              "iconClass": "icon-nodejs",
              "openshift.io/display-name": "OpenShift Application Runtimes Node.js 10",
              "openshift.io/provider-display-name": "Red Hat, Inc.",
              "sampleRepo": "https://github.com/sclorg/nodejs-ex.git",
              "tags": "builder,nodejs",
              "version": "10"
            },
            "from": {
              "kind": "DockerImage",
              "name": "registry.redhat.io/rhoar-nodejs/nodejs-10"
            },
            "name": "10",
            "referencePolicy": {
              "type": "Local"
            }
          }
        ]
      }
    },
    {
      "apiVersion": "v1",
      "kind": "ImageStream",
      "metadata": {
        "annotations": {
          "openshift.io/display-name": "Perl"
        },
        "name": "perl"
      },
      "spec": {
        "tags": [
          {
            "annotations": {
              "description": "Build and run Perl applications on RHEL 7. For more information about using this builder image, including OpenShift considerations, see https://github.com/sclorg/s2i-perl-container/blob/master/5.20/README.md.\n\nWARNING: By selecting this tag, your application will automatically update to use the latest version of Perl available on OpenShift, including major versions updates.",
              "iconClass": "icon-perl",
              "openshift.io/display-name": "Perl (Latest)",
              "openshift.io/provider-display-name": "Red Hat, Inc.",
              "sampleRepo": "https://github.com/sclorg/dancer-ex.git",
              "supports": "perl",
              "tags": "builder,perl"
            },
            "from": {
              "kind": "ImageStreamTag",
              "name": "5.26"
            },
            "name": "latest",
            "referencePolicy": {
              "type": "Local"
            }
          },
          {
            "annotations": {
              "description": "Build and run Perl 5.16 applications on RHEL 7. For more information about using this builder image, including OpenShift considerations, see https://github.com/sclorg/s2i-perl-container/blob/master/5.16/README.md.",
              "iconClass": "icon-perl",
              "openshift.io/display-name": "Perl 5.16",
              "openshift.io/provider-display-name": "Red Hat, Inc.",
              "sampleRepo": "https://github.com/sclorg/dancer-ex.git",
              "supports": "perl:5.16,perl",
              "tags": "hidden,builder,perl",
              "version": "5.16"
            },
            "from": {
              "kind": "DockerImage",
              "name": "registry.redhat.io/openshift3/perl-516-rhel7:latest"
            },
            "name": "5.16",
            "referencePolicy": {
              "type": "Local"
            }
          },
          {
            "annotations": {
              "description": "Build and run Perl 5.20 applications on RHEL 7. For more information about using this builder image, including OpenShift considerations, see https://github.com/sclorg/s2i-perl-container/blob/master/5.20/README.md.",
              "iconClass": "icon-perl",
              "openshift.io/display-name": "Perl 5.20",
              "openshift.io/provider-display-name": "Red Hat, Inc.",
              "sampleRepo": "https://github.com/sclorg/dancer-ex.git",
              "supports": "perl:5.20,perl",
              "tags": "hidden,builder,perl",
              "version": "5.20"
            },
            "from": {
              "kind": "DockerImage",
              "name": "registry.redhat.io/rhscl/perl-520-rhel7:latest"
            },
            "name": "5.20",
            "referencePolicy": {
              "type": "Local"
            }
          },
          {
            "annotations": {
              "description": "Build and run Perl 5.24 applications on RHEL 7. For more information about using this builder image, including OpenShift considerations, see https://github.com/sclorg/s2i-perl-container/blob/master/5.24/README.md.",
              "iconClass": "icon-perl",
              "openshift.io/display-name": "Perl 5.24",
              "openshift.io/provider-display-name": "Red Hat, Inc.",
              "sampleRepo": "https://github.com/sclorg/dancer-ex.git",
              "supports": "perl:5.24,perl",
              "tags": "builder,perl",
              "version": "5.24"
            },
            "from": {
              "kind": "DockerImage",
              "name": "registry.redhat.io/rhscl/perl-524-rhel7:latest"
            },
            "name": "5.24",
            "referencePolicy": {
              "type": "Local"
            }
          },
          {
            "annotations": {
              "description": "Build and run Perl 5.26 applications on RHEL 7. For more information about using this builder image, including OpenShift considerations, see https://github.com/sclorg/s2i-perl-container/blob/master/5.26/README.md.",
              "iconClass": "icon-perl",
              "openshift.io/display-name": "Perl 5.26",
              "openshift.io/provider-display-name": "Red Hat, Inc.",
              "sampleRepo": "https://github.com/sclorg/dancer-ex.git",
              "supports": "perl:5.26,perl",
              "tags": "builder,perl",
              "version": "5.26"
            },
            "from": {
              "kind": "DockerImage",
              "name": "registry.redhat.io/rhscl/perl-526-rhel7:latest"
            },
            "name": "5.26",
            "referencePolicy": {
              "type": "Local"
            }
          }
        ]
      }
    },
    {
      "apiVersion": "v1",
      "kind": "ImageStream",
      "metadata": {
        "annotations": {
          "openshift.io/display-name": "PHP"
        },
        "name": "php"
      },
      "spec": {
        "tags": [
          {
            "annotations": {
              "description": "Build and run PHP applications on RHEL 7. For more information about using this builder image, including OpenShift considerations, see https://github.com/sclorg/s2i-php-container/blob/master/7.1/README.md.\n\nWARNING: By selecting this tag, your application will automatically update to use the latest version of PHP available on OpenShift, including major versions updates.",
              "iconClass": "icon-php",
              "openshift.io/display-name": "PHP (Latest)",
              "openshift.io/provider-display-name": "Red Hat, Inc.",
              "sampleRepo": "https://github.com/sclorg/cakephp-ex.git",
              "supports": "php",
              "tags": "builder,php"
            },
            "from": {
              "kind": "ImageStreamTag",
              "name": "7.1"
            },
            "name": "latest",
            "referencePolicy": {
              "type": "Local"
            }
          },
          {
            "annotations": {
              "description": "Build and run PHP 5.5 applications on RHEL 7. For more information about using this builder image, including OpenShift considerations, see https://github.com/sclorg/s2i-php-container/blob/master/5.5/README.md.",
              "iconClass": "icon-php",
              "openshift.io/display-name": "PHP 5.5",
              "openshift.io/provider-display-name": "Red Hat, Inc.",
              "sampleRepo": "https://github.com/sclorg/cakephp-ex.git",
              "supports": "php:5.5,php",
              "tags": "hidden,builder,php",
              "version": "5.5"
            },
            "from": {
              "kind": "DockerImage",
              "name": "registry.redhat.io/openshift3/php-55-rhel7:latest"
            },
            "name": "5.5",
            "referencePolicy": {
              "type": "Local"
            }
          },
          {
            "annotations": {
              "description": "Build and run PHP 5.6 applications on RHEL 7. For more information about using this builder image, including OpenShift considerations, see https://github.com/sclorg/s2i-php-container/blob/master/5.6/README.md.",
              "iconClass": "icon-php",
              "openshift.io/display-name": "PHP 5.6",
              "openshift.io/provider-display-name": "Red Hat, Inc.",
              "sampleRepo": "https://github.com/sclorg/cakephp-ex.git",
              "supports": "php:5.6,php",
              "tags": "hidden,builder,php",
              "version": "5.6"
            },
            "from": {
              "kind": "DockerImage",
              "name": "registry.redhat.io/rhscl/php-56-rhel7:latest"
            },
            "name": "5.6",
            "referencePolicy": {
              "type": "Local"
            }
          },
          {
            "annotations": {
              "description": "Build and run PHP 7.0 applications on RHEL 7. For more information about using this builder image, including OpenShift considerations, see https://github.com/sclorg/s2i-php-container/blob/master/7.0/README.md.",
              "iconClass": "icon-php",
              "openshift.io/display-name": "PHP 7.0",
              "openshift.io/provider-display-name": "Red Hat, Inc.",
              "sampleRepo": "https://github.com/sclorg/cakephp-ex.git",
              "supports": "php:7.0,php",
              "tags": "builder,php",
              "version": "7.0"
            },
            "from": {
              "kind": "DockerImage",
              "name": "registry.redhat.io/rhscl/php-70-rhel7:latest"
            },
            "name": "7.0",
            "referencePolicy": {
              "type": "Local"
            }
          },
          {
            "annotations": {
              "description": "Build and run PHP 7.1 applications on RHEL 7. For more information about using this builder image, including OpenShift considerations, see https://github.com/sclorg/s2i-php-container/blob/master/7.1/README.md.",
              "iconClass": "icon-php",
              "openshift.io/display-name": "PHP 7.1",
              "openshift.io/provider-display-name": "Red Hat, Inc.",
              "sampleRepo": "https://github.com/sclorg/cakephp-ex.git",
              "supports": "php:7.1,php",
              "tags": "builder,php",
              "version": "7.1"
            },
            "from": {
              "kind": "DockerImage",
              "name": "registry.redhat.io/rhscl/php-71-rhel7:latest"
            },
            "name": "7.1",
            "referencePolicy": {
              "type": "Local"
            }
          }
        ]
      }
    },
    {
      "apiVersion": "v1",
      "kind": "ImageStream",
      "metadata": {
        "annotations": {
          "openshift.io/display-name": "PostgreSQL"
        },
        "name": "postgresql"
      },
      "spec": {
        "tags": [
          {
            "annotations": {
              "description": "Provides a PostgreSQL database on RHEL 7. For more information about using this database image, including OpenShift considerations, see https://github.com/sclorg/postgresql-container/blob/master/README.md.\n\nWARNING: By selecting this tag, your application will automatically update to use the latest version of PostgreSQL available on OpenShift, including major versions updates.",
              "iconClass": "icon-postgresql",
              "openshift.io/display-name": "PostgreSQL (Latest)",
              "openshift.io/provider-display-name": "Red Hat, Inc.",
              "tags": "database,postgresql"
            },
            "from": {
              "kind": "ImageStreamTag",
              "name": "10"
            },
            "name": "latest",
            "referencePolicy": {
              "type": "Local"
            }
          },
          {
            "annotations": {
              "description": "Provides a PostgreSQL 9.2 database on RHEL 7. For more information about using this database image, including OpenShift considerations, see https://github.com/sclorg/postgresql-container/blob/master/README.md.",
              "iconClass": "icon-postgresql",
              "openshift.io/display-name": "PostgreSQL 9.2",
              "openshift.io/provider-display-name": "Red Hat, Inc.",
              "tags": "hidden,postgresql",
              "version": "9.2"
            },
            "from": {
              "kind": "DockerImage",
              "name": "registry.redhat.io/openshift3/postgresql-92-rhel7:latest"
            },
            "name": "9.2",
            "referencePolicy": {
              "type": "Local"
            }
          },
          {
            "annotations": {
              "description": "Provides a PostgreSQL 9.4 database on RHEL 7. For more information about using this database image, including OpenShift considerations, see https://github.com/sclorg/postgresql-container/blob/master/README.md.",
              "iconClass": "icon-postgresql",
              "openshift.io/display-name": "PostgreSQL 9.4",
              "openshift.io/provider-display-name": "Red Hat, Inc.",
              "tags": "hidden,database,postgresql",
              "version": "9.4"
            },
            "from": {
              "kind": "DockerImage",
              "name": "registry.redhat.io/rhscl/postgresql-94-rhel7:latest"
            },
            "name": "9.4",
            "referencePolicy": {
              "type": "Local"
            }
          },
          {
            "annotations": {
              "description": "Provides a PostgreSQL 9.5 database on RHEL 7. For more information about using this database image, including OpenShift considerations, see https://github.com/sclorg/postgresql-container/blob/master/README.md.",
              "iconClass": "icon-postgresql",
              "openshift.io/display-name": "PostgreSQL 9.5",
              "openshift.io/provider-display-name": "Red Hat, Inc.",
              "tags": "database,postgresql",
              "version": "9.5"
            },
            "from": {
              "kind": "DockerImage",
              "name": "registry.redhat.io/rhscl/postgresql-95-rhel7:latest"
            },
            "name": "9.5",
            "referencePolicy": {
              "type": "Local"
            }
          },
          {
            "annotations": {
              "description": "Provides a PostgreSQL 9.6 database on RHEL 7. For more information about using this database image, including OpenShift considerations, see https://github.com/sclorg/postgresql-container/blob/master/README.md.",
              "iconClass": "icon-postgresql",
              "openshift.io/display-name": "PostgreSQL (Ephemeral) 9.6",
              "openshift.io/provider-display-name": "Red Hat, Inc.",
              "tags": "database,postgresql",
              "version": "9.6"
            },
            "from": {
              "kind": "DockerImage",
              "name": "registry.redhat.io/rhscl/postgresql-96-rhel7:latest"
            },
            "name": "9.6",
            "referencePolicy": {
              "type": "Local"
            }
          },
          {
            "annotations": {
              "description": "Provides a PostgreSQL 10 database on RHEL 7. For more information about using this database image, including OpenShift considerations, see https://github.com/sclorg/postgresql-container/blob/master/README.md.",
              "iconClass": "icon-postgresql",
              "openshift.io/display-name": "PostgreSQL (Ephemeral) 10",
              "openshift.io/provider-display-name": "Red Hat, Inc.",
              "tags": "database,postgresql",
              "version": "10"
            },
            "from": {
              "kind": "DockerImage",
              "name": "registry.redhat.io/rhscl/postgresql-10-rhel7:latest"
            },
            "name": "10",
            "referencePolicy": {
              "type": "Local"
            }
          }
        ]
      }
    },
    {
      "apiVersion": "v1",
      "kind": "ImageStream",
      "metadata": {
        "annotations": {
          "openshift.io/display-name": "Python"
        },
        "name": "python"
      },
      "spec": {
        "tags": [
          {
            "annotations": {
              "description": "Build and run Python applications on RHEL 7. For more information about using this builder image, including OpenShift considerations, see https://github.com/sclorg/s2i-python-container/blob/master/3.6/README.md.\n\nWARNING: By selecting this tag, your application will automatically update to use the latest version of Python available on OpenShift, including major versions updates.",
              "iconClass": "icon-python",
              "openshift.io/display-name": "Python (Latest)",
              "openshift.io/provider-display-name": "Red Hat, Inc.",
              "sampleRepo": "https://github.com/sclorg/django-ex.git",
              "supports": "python",
              "tags": "builder,python"
            },
            "from": {
              "kind": "ImageStreamTag",
              "name": "3.6"
            },
            "name": "latest",
            "referencePolicy": {
              "type": "Local"
            }
          },
          {
            "annotations": {
              "description": "Build and run Python 3.3 applications on RHEL 7. For more information about using this builder image, including OpenShift considerations, see https://github.com/sclorg/s2i-python-container/blob/master/3.3/README.md.",
              "iconClass": "icon-python",
              "openshift.io/display-name": "Python 3.3",
              "openshift.io/provider-display-name": "Red Hat, Inc.",
              "sampleRepo": "https://github.com/sclorg/django-ex.git",
              "supports": "python:3.3,python",
              "tags": "hidden,builder,python",
              "version": "3.3"
            },
            "from": {
              "kind": "DockerImage",
              "name": "registry.redhat.io/openshift3/python-33-rhel7:latest"
            },
            "name": "3.3",
            "referencePolicy": {
              "type": "Local"
            }
          },
          {
            "annotations": {
              "description": "Build and run Python 2.7 applications on RHEL 7. For more information about using this builder image, including OpenShift considerations, see https://github.com/sclorg/s2i-python-container/blob/master/2.7/README.md.",
              "iconClass": "icon-python",
              "openshift.io/display-name": "Python 2.7",
              "openshift.io/provider-display-name": "Red Hat, Inc.",
              "sampleRepo": "https://github.com/sclorg/django-ex.git",
              "supports": "python:2.7,python",
              "tags": "builder,python",
              "version": "2.7"
            },
            "from": {
              "kind": "DockerImage",
              "name": "registry.redhat.io/rhscl/python-27-rhel7:latest"
            },
            "name": "2.7",
            "referencePolicy": {
              "type": "Local"
            }
          },
          {
            "annotations": {
              "description": "Build and run Python 3.4 applications on RHEL 7. For more information about using this builder image, including OpenShift considerations, see https://github.com/sclorg/s2i-python-container/blob/master/3.4/README.md.",
              "iconClass": "icon-python",
              "openshift.io/display-name": "Python 3.4",
              "openshift.io/provider-display-name": "Red Hat, Inc.",
              "sampleRepo": "https://github.com/sclorg/django-ex.git",
              "supports": "python:3.4,python",
              "tags": "hidden,builder,python",
              "version": "3.4"
            },
            "from": {
              "kind": "DockerImage",
              "name": "registry.redhat.io/rhscl/python-34-rhel7:latest"
            },
            "name": "3.4",
            "referencePolicy": {
              "type": "Local"
            }
          },
          {
            "annotations": {
              "description": "Build and run Python 3.5 applications on RHEL 7. For more information about using this builder image, including OpenShift considerations, see https://github.com/sclorg/s2i-python-container/blob/master/3.5/README.md.",
              "iconClass": "icon-python",
              "openshift.io/display-name": "Python 3.5",
              "openshift.io/provider-display-name": "Red Hat, Inc.",
              "sampleRepo": "https://github.com/sclorg/django-ex.git",
              "supports": "python:3.5,python",
              "tags": "builder,python",
              "version": "3.5"
            },
            "from": {
              "kind": "DockerImage",
              "name": "registry.redhat.io/rhscl/python-35-rhel7:latest"
            },
            "name": "3.5",
            "referencePolicy": {
              "type": "Local"
            }
          },
          {
            "annotations": {
              "description": "Build and run Python 3.6 applications on RHEL 7. For more information about using this builder image, including OpenShift considerations, see https://github.com/sclorg/s2i-python-container/blob/master/3.6/README.md.",
              "iconClass": "icon-python",
              "openshift.io/display-name": "Python 3.6",
              "openshift.io/provider-display-name": "Red Hat, Inc.",
              "sampleRepo": "https://github.com/sclorg/django-ex.git",
              "supports": "python:3.6,python",
              "tags": "builder,python",
              "version": "3.6"
            },
            "from": {
              "kind": "DockerImage",
              "name": "registry.redhat.io/rhscl/python-36-rhel7:latest"
            },
            "name": "3.6",
            "referencePolicy": {
              "type": "Local"
            }
          }
        ]
      }
    },
    {
      "apiVersion": "v1",
      "kind": "ImageStream",
      "metadata": {
        "annotations": {
          "openshift.io/display-name": "Redis"
        },
        "name": "redis"
      },
      "spec": {
        "tags": [
          {
            "annotations": {
              "description": "Provides a Redis database on RHEL 7. For more information about using this database image, including OpenShift considerations, see https://github.com/sclorg/redis-container/tree/master/3.2/README.md.\n\nWARNING: By selecting this tag, your application will automatically update to use the latest version of Redis available on OpenShift, including major versions updates.",
              "iconClass": "icon-redis",
              "openshift.io/display-name": "Redis (Latest)",
              "openshift.io/provider-display-name": "Red Hat, Inc.",
              "tags": "redis"
            },
            "from": {
              "kind": "ImageStreamTag",
              "name": "3.2"
            },
            "name": "latest",
            "referencePolicy": {
              "type": "Local"
            }
          },
          {
            "annotations": {
              "description": "Provides a Redis 3.2 database on RHEL 7. For more information about using this database image, including OpenShift considerations, see https://github.com/sclorg/redis-container/tree/master/3.2/README.md.",
              "iconClass": "icon-redis",
              "openshift.io/display-name": "Redis 3.2",
              "openshift.io/provider-display-name": "Red Hat, Inc.",
              "tags": "redis",
              "version": "3.2"
            },
            "from": {
              "kind": "DockerImage",
              "name": "registry.redhat.io/rhscl/redis-32-rhel7:latest"
            },
            "name": "3.2",
            "referencePolicy": {
              "type": "Local"
            }
          }
        ]
      }
    },
    {
      "apiVersion": "v1",
      "kind": "ImageStream",
      "metadata": {
        "annotations": {
          "openshift.io/display-name": "Ruby"
        },
        "name": "ruby"
      },
      "spec": {
        "tags": [
          {
            "annotations": {
              "description": "Build and run Ruby applications on RHEL 7. For more information about using this builder image, including OpenShift considerations, see https://github.com/sclorg/s2i-ruby-container/tree/master/2.3/README.md.\n\nWARNING: By selecting this tag, your application will automatically update to use the latest version of Ruby available on OpenShift, including major versions updates.",
              "iconClass": "icon-ruby",
              "openshift.io/display-name": "Ruby (Latest)",
              "openshift.io/provider-display-name": "Red Hat, Inc.",
              "sampleRepo": "https://github.com/sclorg/ruby-ex.git",
              "supports": "ruby",
              "tags": "builder,ruby"
            },
            "from": {
              "kind": "ImageStreamTag",
              "name": "2.5"
            },
            "name": "latest",
            "referencePolicy": {
              "type": "Local"
            }
          },
          {
            "annotations": {
              "description": "Build and run Ruby 2.0 applications on RHEL 7. For more information about using this builder image, including OpenShift considerations, see https://github.com/sclorg/s2i-ruby-container/tree/master/2.0/README.md.",
              "iconClass": "icon-ruby",
              "openshift.io/display-name": "Ruby 2.0",
              "openshift.io/provider-display-name": "Red Hat, Inc.",
              "sampleRepo": "https://github.com/sclorg/ruby-ex.git",
              "supports": "ruby:2.0,ruby",
              "tags": "hidden,builder,ruby",
              "version": "2.0"
            },
            "from": {
              "kind": "DockerImage",
              "name": "registry.redhat.io/openshift3/ruby-20-rhel7:latest"
            },
            "name": "2.0",
            "referencePolicy": {
              "type": "Local"
            }
          },
          {
            "annotations": {
              "description": "Build and run Ruby 2.2 applications on RHEL 7. For more information about using this builder image, including OpenShift considerations, see https://github.com/sclorg/s2i-ruby-container/tree/master/2.2/README.md.",
              "iconClass": "icon-ruby",
              "openshift.io/display-name": "Ruby 2.2",
              "openshift.io/provider-display-name": "Red Hat, Inc.",
              "sampleRepo": "https://github.com/sclorg/ruby-ex.git",
              "supports": "ruby:2.2,ruby",
              "tags": "hidden,builder,ruby",
              "version": "2.2"
            },
            "from": {
              "kind": "DockerImage",
              "name": "registry.redhat.io/rhscl/ruby-22-rhel7:latest"
            },
            "name": "2.2",
            "referencePolicy": {
              "type": "Local"
            }
          },
          {
            "annotations": {
              "description": "Build and run Ruby 2.3 applications on RHEL 7. For more information about using this builder image, including OpenShift considerations, see https://github.com/sclorg/s2i-ruby-container/blob/master/2.3/README.md.",
              "iconClass": "icon-ruby",
              "openshift.io/display-name": "Ruby 2.3",
              "openshift.io/provider-display-name": "Red Hat, Inc.",
              "sampleRepo": "https://github.com/sclorg/ruby-ex.git",
              "supports": "ruby:2.3,ruby",
              "tags": "builder,ruby",
              "version": "2.3"
            },
            "from": {
              "kind": "DockerImage",
              "name": "registry.redhat.io/rhscl/ruby-23-rhel7:latest"
            },
            "name": "2.3",
            "referencePolicy": {
              "type": "Local"
            }
          },
          {
            "annotations": {
              "description": "Build and run Ruby 2.4 applications on RHEL 7. For more information about using this builder image, including OpenShift considerations, see https://github.com/sclorg/s2i-ruby-container/blob/master/2.4/README.md.",
              "iconClass": "icon-ruby",
              "openshift.io/display-name": "Ruby 2.4",
              "openshift.io/provider-display-name": "Red Hat, Inc.",
              "sampleRepo": "https://github.com/sclorg/ruby-ex.git",
              "supports": "ruby:2.4,ruby",
              "tags": "builder,ruby",
              "version": "2.4"
            },
            "from": {
              "kind": "DockerImage",
              "name": "registry.redhat.io/rhscl/ruby-24-rhel7:latest"
            },
            "name": "2.4",
            "referencePolicy": {
              "type": "Local"
            }
          },
          {
            "annotations": {
              "description": "Build and run Ruby 2.5 applications on RHEL 7. For more information about using this builder image, including OpenShift considerations, see https://github.com/sclorg/s2i-ruby-container/blob/master/2.5/README.md.",
              "iconClass": "icon-ruby",
              "openshift.io/display-name": "Ruby 2.5",
              "openshift.io/provider-display-name": "Red Hat, Inc.",
              "sampleRepo": "https://github.com/sclorg/ruby-ex.git",
              "supports": "ruby:2.5,ruby",
              "tags": "builder,ruby",
              "version": "2.5"
            },
            "from": {
              "kind": "DockerImage",
              "name": "registry.redhat.io/rhscl/ruby-25-rhel7:latest"
            },
            "name": "2.5",
            "referencePolicy": {
              "type": "Local"
            }
          }
        ]
      }
    }
  ]
}
