{
    "apiVersion": "v1",
    "id": "glusterfs-nginx-pvc2",
    "kind": "Pod",
    "metadata": {
        "name": "glusterfs-nginx-pvc2"
    },
    "spec": {
        "containers": [
            {
                "name": "glusterfs-nginx-pvc2",
                "image": "fedora/nginx",
                "volumeMounts": [
                    {
                        "mountPath": "/usr/share/nginx/html/test",
                        "name": "nginxglustervolpvc2"
                    }
                ],
                "securityContext": {
                    "capabilities": {},
                    "privileged": true
                }
            }
        ],
        "volumes": [
            {
                "name": "nginxglustervolpvc2",
                "persistentVolumeClaim": {
                    "claimName": "claim-default2"
                }                
            }
        ]
    }
}

