{
    "apiVersion": "v1",
    "kind": "Template",
    "labels": {
        "app": "dancer-mysql-persistent",
        "template": "dancer-mysql-persistent"
    },
    "message": "The following service(s) have been created in your project: ${NAME}, ${DATABASE_SERVICE_NAME}.\n\nFor more information about using this template, including OpenShift considerations, see https://github.com/sclorg/dancer-ex/blob/master/README.md.",
    "metadata": {
        "annotations": {
            "description": "An example Dancer application with a MySQL database. For more information about using this template, including OpenShift considerations, see https://github.com/sclorg/dancer-ex/blob/master/README.md.",
            "iconClass": "icon-perl",
            "openshift.io/display-name": "Dancer + MySQL",
            "openshift.io/documentation-url": "https://github.com/sclorg/dancer-ex",
            "openshift.io/long-description": "This template defines resources needed to develop a Dancer based application, including a build configuration, application deployment configuration, and database deployment configuration.",
            "openshift.io/provider-display-name": "Red Hat, Inc.",
            "openshift.io/support-url": "https://access.redhat.com",
            "tags": "quickstart,perl,dancer",
            "template.openshift.io/bindable": "false"
        },
        "name": "dancer-mysql-persistent"
    },
    "objects": [
        {
            "apiVersion": "v1",
            "kind": "Secret",
            "metadata": {
                "name": "${NAME}"
            },
            "stringData": {
                "database-password": "${DATABASE_PASSWORD}",
                "database-user": "${DATABASE_USER}",
                "keybase": "${SECRET_KEY_BASE}"
            }
        },
        {
            "apiVersion": "v1",
            "kind": "Service",
            "metadata": {
                "annotations": {
                    "description": "Exposes and load balances the application pods",
                    "service.alpha.openshift.io/dependencies": "[{\"name\": \"${DATABASE_SERVICE_NAME}\", \"kind\": \"Service\"}]"
                },
                "name": "${NAME}"
            },
            "spec": {
                "ports": [
                    {
                        "name": "web",
                        "port": 8080,
                        "targetPort": 8080
                    }
                ],
                "selector": {
                    "name": "${NAME}"
                }
            }
        },
        {
            "apiVersion": "v1",
            "kind": "Route",
            "metadata": {
                "name": "${NAME}"
            },
            "spec": {
                "host": "${APPLICATION_DOMAIN}",
                "to": {
                    "kind": "Service",
                    "name": "${NAME}"
                }
            }
        },
        {
            "apiVersion": "v1",
            "kind": "ImageStream",
            "metadata": {
                "annotations": {
                    "description": "Keeps track of changes in the application image"
                },
                "name": "${NAME}"
            }
        },
        {
            "apiVersion": "v1",
            "kind": "BuildConfig",
            "metadata": {
                "annotations": {
                    "description": "Defines how to build the application",
                    "template.alpha.openshift.io/wait-for-ready": "true"
                },
                "name": "${NAME}"
            },
            "spec": {
                "output": {
                    "to": {
                        "kind": "ImageStreamTag",
                        "name": "${NAME}:latest"
                    }
                },
                "postCommit": {
                    "script": "perl -I extlib/lib/perl5 -I lib t/*"
                },
                "source": {
                    "contextDir": "${CONTEXT_DIR}",
                    "git": {
                        "ref": "${SOURCE_REPOSITORY_REF}",
                        "uri": "${SOURCE_REPOSITORY_URL}"
                    },
                    "type": "Git"
                },
                "strategy": {
                    "sourceStrategy": {
                        "env": [
                            {
                                "name": "CPAN_MIRROR",
                                "value": "${CPAN_MIRROR}"
                            }
                        ],
                        "from": {
                            "kind": "ImageStreamTag",
                            "name": "perl:5.26",
                            "namespace": "${NAMESPACE}"
                        }
                    },
                    "type": "Source"
                },
                "triggers": [
                    {
                        "type": "ImageChange"
                    },
                    {
                        "type": "ConfigChange"
                    },
                    {
                        "github": {
                            "secret": "${GITHUB_WEBHOOK_SECRET}"
                        },
                        "type": "GitHub"
                    }
                ]
            }
        },
        {
            "apiVersion": "v1",
            "kind": "DeploymentConfig",
            "metadata": {
                "annotations": {
                    "description": "Defines how to deploy the application server",
                    "template.alpha.openshift.io/wait-for-ready": "true"
                },
                "name": "${NAME}"
            },
            "spec": {
                "replicas": 1,
                "selector": {
                    "name": "${NAME}"
                },
                "strategy": {
                    "type": "Recreate"
                },
                "template": {
                    "metadata": {
                        "labels": {
                            "name": "${NAME}"
                        },
                        "name": "${NAME}"
                    },
                    "spec": {
                        "containers": [
                            {
                                "env": [
                                    {
                                        "name": "DATABASE_SERVICE_NAME",
                                        "value": "${DATABASE_SERVICE_NAME}"
                                    },
                                    {
                                        "name": "MYSQL_USER",
                                        "valueFrom": {
                                            "secretKeyRef": {
                                                "key": "database-user",
                                                "name": "${NAME}"
                                            }
                                        }
                                    },
                                    {
                                        "name": "MYSQL_PASSWORD",
                                        "valueFrom": {
                                            "secretKeyRef": {
                                                "key": "database-password",
                                                "name": "${NAME}"
                                            }
                                        }
                                    },
                                    {
                                        "name": "MYSQL_DATABASE",
                                        "value": "${DATABASE_NAME}"
                                    },
                                    {
                                        "name": "SECRET_KEY_BASE",
                                        "valueFrom": {
                                            "secretKeyRef": {
                                                "key": "keybase",
                                                "name": "${NAME}"
                                            }
                                        }
                                    },
                                    {
                                        "name": "PERL_APACHE2_RELOAD",
                                        "value": "${PERL_APACHE2_RELOAD}"
                                    }
                                ],
                                "image": " ",
                                "livenessProbe": {
                                    "httpGet": {
                                        "path": "/health",
                                        "port": 8080
                                    },
                                    "initialDelaySeconds": 30,
                                    "timeoutSeconds": 3
                                },
                                "name": "dancer-mysql-persistent",
                                "ports": [
                                    {
                                        "containerPort": 8080
                                    }
                                ],
                                "readinessProbe": {
                                    "httpGet": {
                                        "path": "/health",
                                        "port": 8080
                                    },
                                    "initialDelaySeconds": 3,
                                    "timeoutSeconds": 3
                                },
                                "resources": {
                                    "limits": {
                                        "memory": "${MEMORY_LIMIT}"
                                    }
                                }
                            }
                        ]
                    }
                },
                "triggers": [
                    {
                        "imageChangeParams": {
                            "automatic": true,
                            "containerNames": [
                                "dancer-mysql-persistent"
                            ],
                            "from": {
                                "kind": "ImageStreamTag",
                                "name": "${NAME}:latest"
                            }
                        },
                        "type": "ImageChange"
                    },
                    {
                        "type": "ConfigChange"
                    }
                ]
            }
        },
        {
            "apiVersion": "v1",
            "kind": "PersistentVolumeClaim",
            "metadata": {
                "name": "${DATABASE_SERVICE_NAME}"
            },
            "spec": {
                "accessModes": [
                    "ReadWriteOnce"
                ],
                "resources": {
                    "requests": {
                        "storage": "${VOLUME_CAPACITY}"
                    }
                }
            }
        },
        {
            "apiVersion": "v1",
            "kind": "Service",
            "metadata": {
                "annotations": {
                    "description": "Exposes the database server"
                },
                "name": "${DATABASE_SERVICE_NAME}"
            },
            "spec": {
                "ports": [
                    {
                        "name": "mysql",
                        "port": 3306,
                        "targetPort": 3306
                    }
                ],
                "selector": {
                    "name": "${DATABASE_SERVICE_NAME}"
                }
            }
        },
        {
            "apiVersion": "v1",
            "kind": "DeploymentConfig",
            "metadata": {
                "annotations": {
                    "description": "Defines how to deploy the database",
                    "template.alpha.openshift.io/wait-for-ready": "true"
                },
                "name": "${DATABASE_SERVICE_NAME}"
            },
            "spec": {
                "replicas": 1,
                "selector": {
                    "name": "${DATABASE_SERVICE_NAME}"
                },
                "strategy": {
                    "type": "Recreate"
                },
                "template": {
                    "metadata": {
                        "labels": {
                            "name": "${DATABASE_SERVICE_NAME}"
                        },
                        "name": "${DATABASE_SERVICE_NAME}"
                    },
                    "spec": {
                        "containers": [
                            {
                                "env": [
                                    {
                                        "name": "MYSQL_USER",
                                        "valueFrom": {
                                            "secretKeyRef": {
                                                "key": "database-user",
                                                "name": "${NAME}"
                                            }
                                        }
                                    },
                                    {
                                        "name": "MYSQL_PASSWORD",
                                        "valueFrom": {
                                            "secretKeyRef": {
                                                "key": "database-password",
                                                "name": "${NAME}"
                                            }
                                        }
                                    },
                                    {
                                        "name": "MYSQL_DATABASE",
                                        "value": "${DATABASE_NAME}"
                                    }
                                ],
                                "image": " ",
                                "livenessProbe": {
                                    "initialDelaySeconds": 30,
                                    "tcpSocket": {
                                        "port": 3306
                                    },
                                    "timeoutSeconds": 1
                                },
                                "name": "mysql",
                                "ports": [
                                    {
                                        "containerPort": 3306
                                    }
                                ],
                                "readinessProbe": {
                                    "exec": {
                                        "command": [
                                            "/bin/sh",
                                            "-i",
                                            "-c",
                                            "MYSQL_PWD='${DATABASE_PASSWORD}' mysql -h 127.0.0.1 -u ${DATABASE_USER} -D ${DATABASE_NAME} -e 'SELECT 1'"
                                        ]
                                    },
                                    "initialDelaySeconds": 5,
                                    "timeoutSeconds": 1
                                },
                                "resources": {
                                    "limits": {
                                        "memory": "${MEMORY_MYSQL_LIMIT}"
                                    }
                                },
                                "volumeMounts": [
                                    {
                                        "mountPath": "/var/lib/mysql/data",
                                        "name": "${DATABASE_SERVICE_NAME}-data"
                                    }
                                ]
                            }
                        ],
                        "volumes": [
                            {
                                "name": "${DATABASE_SERVICE_NAME}-data",
                                "persistentVolumeClaim": {
                                    "claimName": "${DATABASE_SERVICE_NAME}"
                                }
                            }
                        ]
                    }
                },
                "triggers": [
                    {
                        "imageChangeParams": {
                            "automatic": true,
                            "containerNames": [
                                "mysql"
                            ],
                            "from": {
                                "kind": "ImageStreamTag",
                                "name": "mysql:5.7",
                                "namespace": "${NAMESPACE}"
                            }
                        },
                        "type": "ImageChange"
                    },
                    {
                        "type": "ConfigChange"
                    }
                ]
            }
        }
    ],
    "parameters": [
        {
            "description": "The name assigned to all of the frontend objects defined in this template.",
            "displayName": "Name",
            "name": "NAME",
            "required": true,
            "value": "dancer-mysql-persistent"
        },
        {
            "description": "The OpenShift Namespace where the ImageStream resides.",
            "displayName": "Namespace",
            "name": "NAMESPACE",
            "required": true,
            "value": "openshift"
        },
        {
            "description": "Maximum amount of memory the Perl Dancer container can use.",
            "displayName": "Memory Limit",
            "name": "MEMORY_LIMIT",
            "required": true,
            "value": "512Mi"
        },
        {
            "description": "Maximum amount of memory the MySQL container can use.",
            "displayName": "Memory Limit (MySQL)",
            "name": "MEMORY_MYSQL_LIMIT",
            "required": true,
            "value": "512Mi"
        },
        {
            "description": "Volume space available for data, e.g. 512Mi, 2Gi",
            "displayName": "Volume Capacity",
            "name": "VOLUME_CAPACITY",
            "required": true,
            "value": "1Gi"
        },
        {
            "description": "The URL of the repository with your application source code.",
            "displayName": "Git Repository URL",
            "name": "SOURCE_REPOSITORY_URL",
            "required": true,
            "value": "https://github.com/sclorg/dancer-ex.git"
        },
        {
            "description": "Set this to a branch name, tag or other ref of your repository if you are not using the default branch.",
            "displayName": "Git Reference",
            "name": "SOURCE_REPOSITORY_REF"
        },
        {
            "description": "Set this to the relative path to your project if it is not in the root of your repository.",
            "displayName": "Context Directory",
            "name": "CONTEXT_DIR"
        },
        {
            "description": "The exposed hostname that will route to the Dancer service, if left blank a value will be defaulted.",
            "displayName": "Application Hostname",
            "name": "APPLICATION_DOMAIN",
            "value": ""
        },
        {
            "description": "Github trigger secret.  A difficult to guess string encoded as part of the webhook URL.  Not encrypted.",
            "displayName": "GitHub Webhook Secret",
            "from": "[a-zA-Z0-9]{40}",
            "generate": "expression",
            "name": "GITHUB_WEBHOOK_SECRET"
        },
        {
            "displayName": "Database Service Name",
            "name": "DATABASE_SERVICE_NAME",
            "required": true,
            "value": "database"
        },
        {
            "displayName": "Database Username",
            "from": "user[A-Z0-9]{3}",
            "generate": "expression",
            "name": "DATABASE_USER"
        },
        {
            "displayName": "Database Password",
            "from": "[a-zA-Z0-9]{8}",
            "generate": "expression",
            "name": "DATABASE_PASSWORD"
        },
        {
            "displayName": "Database Name",
            "name": "DATABASE_NAME",
            "required": true,
            "value": "sampledb"
        },
        {
            "description": "Set this to \"true\" to enable automatic reloading of modified Perl modules.",
            "displayName": "Perl Module Reload",
            "name": "PERL_APACHE2_RELOAD",
            "value": ""
        },
        {
            "description": "Your secret key for verifying the integrity of signed cookies.",
            "displayName": "Secret Key",
            "from": "[a-z0-9]{127}",
            "generate": "expression",
            "name": "SECRET_KEY_BASE"
        },
        {
            "description": "The custom CPAN mirror URL",
            "displayName": "Custom CPAN Mirror URL",
            "name": "CPAN_MIRROR",
            "value": ""
        }
    ]
}