{
    "apiVersion": "v1",
    "kind": "Template",
    "labels": {
        "app": "django-psql-example",
        "template": "django-psql-example"
    },
    "message": "The following service(s) have been created in your project: ${NAME}, ${DATABASE_SERVICE_NAME}.\n\nFor more information about using this template, including OpenShift considerations, see https://github.com/sclorg/django-ex/blob/master/README.md.",
    "metadata": {
        "annotations": {
            "description": "An example Django application with a PostgreSQL database. For more information about using this template, including OpenShift considerations, see https://github.com/sclorg/django-ex/blob/master/README.md.\n\nWARNING: Any data stored will be lost upon pod destruction. Only use this template for testing.",
            "iconClass": "icon-python",
            "openshift.io/display-name": "Django + PostgreSQL (Ephemeral)",
            "openshift.io/documentation-url": "https://github.com/sclorg/django-ex",
            "openshift.io/long-description": "This template defines resources needed to develop a Django based application, including a build configuration, application deployment configuration, and database deployment configuration.  The database is stored in non-persistent storage, so this configuration should be used for experimental purposes only.",
            "openshift.io/provider-display-name": "Red Hat, Inc.",
            "openshift.io/support-url": "https://access.redhat.com",
            "tags": "quickstart,python,django",
            "template.openshift.io/bindable": "false"
        },
        "name": "django-psql-example"
    },
    "objects": [
        {
            "apiVersion": "v1",
            "kind": "Secret",
            "metadata": {
                "name": "${NAME}"
            },
            "stringData": {
                "database-password": "${DATABASE_PASSWORD}",
                "database-user": "${DATABASE_USER}",
                "django-secret-key": "${DJANGO_SECRET_KEY}"
            }
        },
        {
            "apiVersion": "v1",
            "kind": "Service",
            "metadata": {
                "annotations": {
                    "description": "Exposes and load balances the application pods",
                    "service.alpha.openshift.io/dependencies": "[{\"name\": \"${DATABASE_SERVICE_NAME}\", \"kind\": \"Service\"}]"
                },
                "name": "${NAME}"
            },
            "spec": {
                "ports": [
                    {
                        "name": "web",
                        "port": 8080,
                        "targetPort": 8080
                    }
                ],
                "selector": {
                    "name": "${NAME}"
                }
            }
        },
        {
            "apiVersion": "v1",
            "kind": "Route",
            "metadata": {
                "name": "${NAME}"
            },
            "spec": {
                "host": "${APPLICATION_DOMAIN}",
                "to": {
                    "kind": "Service",
                    "name": "${NAME}"
                }
            }
        },
        {
            "apiVersion": "v1",
            "kind": "ImageStream",
            "metadata": {
                "annotations": {
                    "description": "Keeps track of changes in the application image"
                },
                "name": "${NAME}"
            }
        },
        {
            "apiVersion": "v1",
            "kind": "BuildConfig",
            "metadata": {
                "annotations": {
                    "description": "Defines how to build the application",
                    "template.alpha.openshift.io/wait-for-ready": "true"
                },
                "name": "${NAME}"
            },
            "spec": {
                "output": {
                    "to": {
                        "kind": "ImageStreamTag",
                        "name": "${NAME}:latest"
                    }
                },
                "postCommit": {
                    "script": "./manage.py test"
                },
                "source": {
                    "contextDir": "${CONTEXT_DIR}",
                    "git": {
                        "ref": "${SOURCE_REPOSITORY_REF}",
                        "uri": "${SOURCE_REPOSITORY_URL}"
                    },
                    "type": "Git"
                },
                "strategy": {
                    "sourceStrategy": {
                        "env": [
                            {
                                "name": "PIP_INDEX_URL",
                                "value": "${PIP_INDEX_URL}"
                            }
                        ],
                        "from": {
                            "kind": "ImageStreamTag",
                            "name": "python:${PYTHON_VERSION}",
                            "namespace": "${NAMESPACE}"
                        }
                    },
                    "type": "Source"
                },
                "triggers": [
                    {
                        "type": "ImageChange"
                    },
                    {
                        "type": "ConfigChange"
                    },
                    {
                        "github": {
                            "secret": "${GITHUB_WEBHOOK_SECRET}"
                        },
                        "type": "GitHub"
                    }
                ]
            }
        },
        {
            "apiVersion": "v1",
            "kind": "DeploymentConfig",
            "metadata": {
                "annotations": {
                    "description": "Defines how to deploy the application server",
                    "template.alpha.openshift.io/wait-for-ready": "true"
                },
                "name": "${NAME}"
            },
            "spec": {
                "replicas": 1,
                "selector": {
                    "name": "${NAME}"
                },
                "strategy": {
                    "type": "Recreate"
                },
                "template": {
                    "metadata": {
                        "labels": {
                            "name": "${NAME}"
                        },
                        "name": "${NAME}"
                    },
                    "spec": {
                        "containers": [
                            {
                                "env": [
                                    {
                                        "name": "DATABASE_SERVICE_NAME",
                                        "value": "${DATABASE_SERVICE_NAME}"
                                    },
                                    {
                                        "name": "DATABASE_ENGINE",
                                        "value": "${DATABASE_ENGINE}"
                                    },
                                    {
                                        "name": "DATABASE_NAME",
                                        "value": "${DATABASE_NAME}"
                                    },
                                    {
                                        "name": "DATABASE_USER",
                                        "valueFrom": {
                                            "secretKeyRef": {
                                                "key": "database-user",
                                                "name": "${NAME}"
                                            }
                                        }
                                    },
                                    {
                                        "name": "DATABASE_PASSWORD",
                                        "valueFrom": {
                                            "secretKeyRef": {
                                                "key": "database-password",
                                                "name": "${NAME}"
                                            }
                                        }
                                    },
                                    {
                                        "name": "APP_CONFIG",
                                        "value": "${APP_CONFIG}"
                                    },
                                    {
                                        "name": "DJANGO_SECRET_KEY",
                                        "valueFrom": {
                                            "secretKeyRef": {
                                                "key": "django-secret-key",
                                                "name": "${NAME}"
                                            }
                                        }
                                    }
                                ],
                                "image": " ",
                                "livenessProbe": {
                                    "httpGet": {
                                        "path": "/health",
                                        "port": 8080
                                    },
                                    "initialDelaySeconds": 30,
                                    "timeoutSeconds": 3
                                },
                                "name": "django-psql-example",
                                "ports": [
                                    {
                                        "containerPort": 8080
                                    }
                                ],
                                "readinessProbe": {
                                    "httpGet": {
                                        "path": "/health",
                                        "port": 8080
                                    },
                                    "initialDelaySeconds": 3,
                                    "timeoutSeconds": 3
                                },
                                "resources": {
                                    "limits": {
                                        "memory": "${MEMORY_LIMIT}"
                                    }
                                }
                            }
                        ]
                    }
                },
                "triggers": [
                    {
                        "imageChangeParams": {
                            "automatic": true,
                            "containerNames": [
                                "django-psql-example"
                            ],
                            "from": {
                                "kind": "ImageStreamTag",
                                "name": "${NAME}:latest"
                            }
                        },
                        "type": "ImageChange"
                    },
                    {
                        "type": "ConfigChange"
                    }
                ]
            }
        },
        {
            "apiVersion": "v1",
            "kind": "Service",
            "metadata": {
                "annotations": {
                    "description": "Exposes the database server"
                },
                "name": "${DATABASE_SERVICE_NAME}"
            },
            "spec": {
                "ports": [
                    {
                        "name": "postgresql",
                        "port": 5432,
                        "targetPort": 5432
                    }
                ],
                "selector": {
                    "name": "${DATABASE_SERVICE_NAME}"
                }
            }
        },
        {
            "apiVersion": "v1",
            "kind": "DeploymentConfig",
            "metadata": {
                "annotations": {
                    "description": "Defines how to deploy the database",
                    "template.alpha.openshift.io/wait-for-ready": "true"
                },
                "name": "${DATABASE_SERVICE_NAME}"
            },
            "spec": {
                "replicas": 1,
                "selector": {
                    "name": "${DATABASE_SERVICE_NAME}"
                },
                "strategy": {
                    "type": "Recreate"
                },
                "template": {
                    "metadata": {
                        "labels": {
                            "name": "${DATABASE_SERVICE_NAME}"
                        },
                        "name": "${DATABASE_SERVICE_NAME}"
                    },
                    "spec": {
                        "containers": [
                            {
                                "env": [
                                    {
                                        "name": "POSTGRESQL_USER",
                                        "valueFrom": {
                                            "secretKeyRef": {
                                                "key": "database-user",
                                                "name": "${NAME}"
                                            }
                                        }
                                    },
                                    {
                                        "name": "POSTGRESQL_PASSWORD",
                                        "valueFrom": {
                                            "secretKeyRef": {
                                                "key": "database-password",
                                                "name": "${NAME}"
                                            }
                                        }
                                    },
                                    {
                                        "name": "POSTGRESQL_DATABASE",
                                        "value": "${DATABASE_NAME}"
                                    }
                                ],
                                "image": " ",
                                "livenessProbe": {
                                    "exec": {
                                        "command": [
                                            "/usr/libexec/check-container",
                                            "--live"
                                        ]
                                    },
                                    "initialDelaySeconds": 120,
                                    "timeoutSeconds": 10
                                },
                                "name": "postgresql",
                                "ports": [
                                    {
                                        "containerPort": 5432
                                    }
                                ],
                                "readinessProbe": {
                                    "exec": {
                                        "command": [
                                            "/usr/libexec/check-container"
                                        ]
                                    },
                                    "initialDelaySeconds": 5,
                                    "timeoutSeconds": 1
                                },
                                "resources": {
                                    "limits": {
                                        "memory": "${MEMORY_POSTGRESQL_LIMIT}"
                                    }
                                },
                                "volumeMounts": [
                                    {
                                        "mountPath": "/var/lib/pgsql/data",
                                        "name": "data"
                                    }
                                ]
                            }
                        ],
                        "volumes": [
                            {
                                "emptyDir": {},
                                "name": "data"
                            }
                        ]
                    }
                },
                "triggers": [
                    {
                        "imageChangeParams": {
                            "automatic": true,
                            "containerNames": [
                                "postgresql"
                            ],
                            "from": {
                                "kind": "ImageStreamTag",
                                "name": "postgresql:${POSTGRESQL_VERSION}",
                                "namespace": "${NAMESPACE}"
                            }
                        },
                        "type": "ImageChange"
                    },
                    {
                        "type": "ConfigChange"
                    }
                ]
            }
        }
    ],
    "parameters": [
        {
            "description": "The name assigned to all of the frontend objects defined in this template.",
            "displayName": "Name",
            "name": "NAME",
            "required": true,
            "value": "django-psql-example"
        },
        {
            "description": "The OpenShift Namespace where the ImageStream resides.",
            "displayName": "Namespace",
            "name": "NAMESPACE",
            "required": true,
            "value": "openshift"
        },
        {
            "description": "Version of Python image to be used (3.6 or latest).",
            "displayName": "Version of Python Image",
            "name": "PYTHON_VERSION",
            "required": true,
            "value": "3.6"
        },
        {
            "description": "Version of PostgreSQL image to be used (10 or latest).",
            "displayName": "Version of PostgreSQL Image",
            "name": "POSTGRESQL_VERSION",
            "required": true,
            "value": "10"
        },
        {
            "description": "Maximum amount of memory the Django container can use.",
            "displayName": "Memory Limit",
            "name": "MEMORY_LIMIT",
            "required": true,
            "value": "512Mi"
        },
        {
            "description": "Maximum amount of memory the PostgreSQL container can use.",
            "displayName": "Memory Limit (PostgreSQL)",
            "name": "MEMORY_POSTGRESQL_LIMIT",
            "required": true,
            "value": "512Mi"
        },
        {
            "description": "The URL of the repository with your application source code.",
            "displayName": "Git Repository URL",
            "name": "SOURCE_REPOSITORY_URL",
            "required": true,
            "value": "https://github.com/sclorg/django-ex.git"
        },
        {
            "description": "Set this to a branch name, tag or other ref of your repository if you are not using the default branch.",
            "displayName": "Git Reference",
            "name": "SOURCE_REPOSITORY_REF"
        },
        {
            "description": "Set this to the relative path to your project if it is not in the root of your repository.",
            "displayName": "Context Directory",
            "name": "CONTEXT_DIR"
        },
        {
            "description": "The exposed hostname that will route to the Django service, if left blank a value will be defaulted.",
            "displayName": "Application Hostname",
            "name": "APPLICATION_DOMAIN",
            "value": ""
        },
        {
            "description": "Github trigger secret.  A difficult to guess string encoded as part of the webhook URL.  Not encrypted.",
            "displayName": "GitHub Webhook Secret",
            "from": "[a-zA-Z0-9]{40}",
            "generate": "expression",
            "name": "GITHUB_WEBHOOK_SECRET"
        },
        {
            "displayName": "Database Service Name",
            "name": "DATABASE_SERVICE_NAME",
            "required": true,
            "value": "postgresql"
        },
        {
            "description": "Database engine: postgresql, mysql or sqlite (default).",
            "displayName": "Database Engine",
            "name": "DATABASE_ENGINE",
            "required": true,
            "value": "postgresql"
        },
        {
            "displayName": "Database Name",
            "name": "DATABASE_NAME",
            "required": true,
            "value": "default"
        },
        {
            "displayName": "Database Username",
            "name": "DATABASE_USER",
            "required": true,
            "value": "django"
        },
        {
            "displayName": "Database User Password",
            "from": "[a-zA-Z0-9]{16}",
            "generate": "expression",
            "name": "DATABASE_PASSWORD"
        },
        {
            "description": "Relative path to Gunicorn configuration file (optional).",
            "displayName": "Application Configuration File Path",
            "name": "APP_CONFIG"
        },
        {
            "description": "Set this to a long random string.",
            "displayName": "Django Secret Key",
            "from": "[\\w]{50}",
            "generate": "expression",
            "name": "DJANGO_SECRET_KEY"
        },
        {
            "description": "The custom PyPi index URL",
            "displayName": "Custom PyPi Index URL",
            "name": "PIP_INDEX_URL",
            "value": ""
        }
    ]
}